probeID,logFC,AveExpr,t,P.Value,adj.P.Val,B,UCSC_RefGene_Name
cg11643285,-0.15142034640695679,0.7940651997362216,-10.47411471681209,2.3166915866545992e-17,8.39647798517573e-12,28.99461559118899,RFTN1
cg07852945,-0.06891658824167445,0.08100526668307999,-8.113036416176751,2.095996439000808e-12,3.798301866864094e-7,17.703200614775803,TLE1
cg25294185,0.08210226541909764,0.11926729340348598,6.082960263078485,2.6673003067153547e-8,0.0032224010645469097,8.404561838521523,RNASEH2C
cg24016844,0.03307024271459033,0.07134487329939454,5.6750960907194274,1.5969092771992887e-7,0.014469355424311176,6.655830022464508,C1orf103;C1orf103
