probeID,logFC,AveExpr,t,P.Value,adj.P.Val,B,UCSC_RefGene_Name
cg11643285,-0.1633176770789766,0.8568451803593993,-10.184536352320976,2.3106845028043827e-10,8.374706270894036e-5,13.779688782438566,RFTN1
cg16374663,-0.04333442062068085,0.05063697008332353,-7.312084410973091,1.1908981199741693e-7,0.021581098460735904,7.507274866157416,LTK;LTK;LTK
