probeID,logFC,AveExpr,t,P.Value,adj.P.Val,B,UCSC_RefGene_Name
cg11643285,-0.17077987456702437,0.7802651394159754,-12.62243586028739,4.571835664330696e-25,1.6569886871660315e-19,46.23896839018434,RFTN1
cg24016844,0.0328274115596978,0.06637515043361383,9.188423891294784,4.017054405938184e-16,7.279585482808999e-11,25.77103867523339,C1orf103;C1orf103
cg25294185,0.09852491903297675,0.13402022918550816,7.413633619310732,9.632266252677294e-12,1.163686929007614e-6,15.795127222828407,RNASEH2C
cg17238319,-0.0746481134640038,0.8376805272822079,-7.155598824798884,3.8995463632844434e-11,3.5333204665765847e-6,14.416832209468327,RFTN1
cg23120345,-0.02804296885057822,0.8488124064509105,-5.179945911564179,7.347452508277425e-7,0.04196288138921994,4.778991543801709,LOC285456
