probeID,logFC,AveExpr,t,P.Value,adj.P.Val,B,UCSC_RefGene_Name
cg11643285,-0.15227065024342945,0.7940651997362216,-10.641056228830235,8.048082683050926e-18,2.9168987991488796e-12,30.03345150029297,RFTN1
cg07852945,-0.06700467533621633,0.08100526668307999,-7.872614561121702,5.9049122782804035e-12,1.0700704883331398e-6,16.675203655573917,TLE1
cg25294185,0.08449224510862184,0.11926729340348598,6.237241819464877,1.2635686116923712e-8,0.0015265340873670428,9.132794705589005,RNASEH2C
cg24016844,0.03292046599345506,0.07134487329939454,5.698699575191005,1.3804672016745845e-7,0.01250820624429316,6.795288538485545,C1orf103;C1orf103
